,alignment_id,pdb_id,pdb_chain,uniprot_ac,uniprot_id,alignment_start,alignment_end,bitscore,e_value,resseq_start,resseq_end,coord_start,coord_end,uniprot_start,uniprot_end,uniprot_id_,overlap,mapping_index,grouped_segments
94,evtr|A0A0X1KHE5|A0A0X1KHE5_9PROT/1-459,5c2c,B,A0A0X1KHE5,A0A0X1KHE5_9PROT,1,459,725.1,1.0999999999999995e-217,23,467,3,447,3,447,A0A0X1KHE5_9PROT,435,94,True
99,evtr|A0A0X1KHE5|A0A0X1KHE5_9PROT/1-459,5c2g,D,A0A0X1KHE5,A0A0X1KHE5_9PROT,1,459,725.1,1.0999999999999995e-217,21,478,1,458,1,458,A0A0X1KHE5_9PROT,458,99,False
95,evtr|A0A0X1KHE5|A0A0X1KHE5_9PROT/1-459,5c2c,C,A0A0X1KHE5,A0A0X1KHE5_9PROT,1,459,725.1,1.0999999999999995e-217,22,477,2,457,2,457,A0A0X1KHE5_9PROT,447,95,True
96,evtr|A0A0X1KHE5|A0A0X1KHE5_9PROT/1-459,5c2g,A,A0A0X1KHE5,A0A0X1KHE5_9PROT,1,459,725.1,1.0999999999999995e-217,21,478,1,458,1,458,A0A0X1KHE5_9PROT,458,96,False
97,evtr|A0A0X1KHE5|A0A0X1KHE5_9PROT/1-459,5c2g,B,A0A0X1KHE5,A0A0X1KHE5_9PROT,1,459,725.1,1.0999999999999995e-217,23,476,3,456,3,456,A0A0X1KHE5_9PROT,454,97,False
98,evtr|A0A0X1KHE5|A0A0X1KHE5_9PROT/1-459,5c2g,C,A0A0X1KHE5,A0A0X1KHE5_9PROT,1,459,725.1,1.0999999999999995e-217,21,475,1,455,1,455,A0A0X1KHE5_9PROT,455,98,False
93,evtr|A0A0X1KHE5|A0A0X1KHE5_9PROT/1-459,5c2c,A,A0A0X1KHE5,A0A0X1KHE5_9PROT,1,459,725.1,1.0999999999999995e-217,23,479,3,459,3,459,A0A0X1KHE5_9PROT,448,93,True
100,evtr|A0A0X1KHE5|A0A0X1KHE5_9PROT/1-459,5c2g,E,A0A0X1KHE5,A0A0X1KHE5_9PROT,1,459,725.1,1.0999999999999995e-217,21,474,1,454,1,454,A0A0X1KHE5_9PROT,454,100,False
101,evtr|A0A0X1KHE5|A0A0X1KHE5_9PROT/1-459,5c2g,F,A0A0X1KHE5,A0A0X1KHE5_9PROT,1,459,725.1,1.0999999999999995e-217,23,479,3,459,3,459,A0A0X1KHE5_9PROT,457,101,False
102,evtr|O68486|O68486_9GAMM/3-461,6ius,A,O68486,O68486_9GAMM,3,461,712.6,6.499999999999997e-214,3,448,3,448,3,448,O68486_9GAMM,426,102,True
103,evtr|O68486|O68486_9GAMM/3-461,6ius,B,O68486,O68486_9GAMM,3,461,712.6,6.499999999999997e-214,3,447,3,447,3,447,O68486_9GAMM,419,103,True
104,evtr|O68486|O68486_9GAMM/3-461,6ius,C,O68486,O68486_9GAMM,3,461,712.6,6.499999999999997e-214,5,447,5,447,5,447,O68486_9GAMM,422,104,True
64,evsp|Q6N0W9|RBL2_RHOPA/1-456,5hjy,D,Q6N0W9,RBL2_RHOPA,1,456,668.6,1.3999999999999992e-200,21,475,1,455,1,455,RBL2_RHOPA,455,64,False
71,evsp|Q6N0W9|RBL2_RHOPA/1-456,5hk4,E,Q6N0W9,RBL2_RHOPA,1,456,668.6,1.3999999999999992e-200,21,475,1,455,1,455,RBL2_RHOPA,455,71,False
70,evsp|Q6N0W9|RBL2_RHOPA/1-456,5hk4,D,Q6N0W9,RBL2_RHOPA,1,456,668.6,1.3999999999999992e-200,21,476,1,456,1,456,RBL2_RHOPA,456,70,False
69,evsp|Q6N0W9|RBL2_RHOPA/1-456,5hk4,C,Q6N0W9,RBL2_RHOPA,1,456,668.6,1.3999999999999992e-200,21,475,1,455,1,455,RBL2_RHOPA,455,69,False
68,evsp|Q6N0W9|RBL2_RHOPA/1-456,5hk4,B,Q6N0W9,RBL2_RHOPA,1,456,668.6,1.3999999999999992e-200,21,475,1,455,1,455,RBL2_RHOPA,455,68,False
67,evsp|Q6N0W9|RBL2_RHOPA/1-456,5hk4,A,Q6N0W9,RBL2_RHOPA,1,456,668.6,1.3999999999999992e-200,21,477,1,457,1,457,RBL2_RHOPA,456,67,False
66,evsp|Q6N0W9|RBL2_RHOPA/1-456,5hjy,F,Q6N0W9,RBL2_RHOPA,1,456,668.6,1.3999999999999992e-200,21,475,1,455,1,455,RBL2_RHOPA,455,66,False
65,evsp|Q6N0W9|RBL2_RHOPA/1-456,5hjy,E,Q6N0W9,RBL2_RHOPA,1,456,668.6,1.3999999999999992e-200,21,475,1,455,1,455,RBL2_RHOPA,455,65,False
58,evsp|Q6N0W9|RBL2_RHOPA/1-456,5hjx,D,Q6N0W9,RBL2_RHOPA,1,456,668.6,1.3999999999999992e-200,21,475,1,455,1,455,RBL2_RHOPA,455,58,False
63,evsp|Q6N0W9|RBL2_RHOPA/1-456,5hjy,C,Q6N0W9,RBL2_RHOPA,1,456,668.6,1.3999999999999992e-200,21,473,1,453,1,453,RBL2_RHOPA,453,63,False
62,evsp|Q6N0W9|RBL2_RHOPA/1-456,5hjy,B,Q6N0W9,RBL2_RHOPA,1,456,668.6,1.3999999999999992e-200,21,476,1,456,1,456,RBL2_RHOPA,456,62,False
61,evsp|Q6N0W9|RBL2_RHOPA/1-456,5hjy,A,Q6N0W9,RBL2_RHOPA,1,456,668.6,1.3999999999999992e-200,21,475,1,455,1,455,RBL2_RHOPA,455,61,False
60,evsp|Q6N0W9|RBL2_RHOPA/1-456,5hjx,F,Q6N0W9,RBL2_RHOPA,1,456,668.6,1.3999999999999992e-200,21,475,1,455,1,455,RBL2_RHOPA,455,60,False
